"Status","Start Time","Stop Time","Duration in ms","Parent Suite","Suite","Sub Suite","Test Class","Test Method","Name","Description"
"passed","Sun Sep 24 10:26:32 AST 2023","Sun Sep 24 10:26:33 AST 2023","1286","Practice Suite","Home Page Test","HomePageTest.NavigationBarTest","HomePageTest.NavigationBarTest","ClickingBlogMenuItemOpensBlogPage","ClickingBlogMenuItemOpensBlogPage",""
"passed","Sun Sep 24 10:26:24 AST 2023","Sun Sep 24 10:26:24 AST 2023","29","Practice Suite","Home Page Test","HomePageTest.NavigationBarTest","HomePageTest.NavigationBarTest","verifyLogoItemIsDisplayed","verifyLogoItemIsDisplayed",""
"failed","Sun Sep 24 10:27:11 AST 2023","Sun Sep 24 10:27:11 AST 2023","54","Practice Suite","Home Page Test","HomePageTest.StatisticsSectionTest","HomePageTest.StatisticsSectionTest","imageIconSessionDurationTest","imageIconSessionDurationTest",""
"passed","Sun Sep 24 10:26:34 AST 2023","Sun Sep 24 10:26:34 AST 2023","30","Practice Suite","Home Page Test","HomePageTest.NavigationBarTest","HomePageTest.NavigationBarTest","academyMenuItemHrefIsCorrect","academyMenuItemHrefIsCorrect",""
"passed","Sun Sep 24 10:27:10 AST 2023","Sun Sep 24 10:27:10 AST 2023","21","Practice Suite","Home Page Test","HomePageTest.ApprovedOfficialAuthoritiesSectionTest","HomePageTest.ApprovedOfficialAuthoritiesSectionTest","verifyCard_3_HeadTextIsCorrect","verifyCard_3_HeadTextIsCorrect",""
"passed","Sun Sep 24 10:27:01 AST 2023","Sun Sep 24 10:27:01 AST 2023","100","Practice Suite","Home Page Test","HomePageTest.NavigationBarTest","HomePageTest.NavigationBarTest","ClickingJoinAsSpecialistFormCloseHiddenEnterInformationForm","ClickingJoinAsSpecialistFormCloseHiddenEnterInformationForm",""
"passed","Sun Sep 24 10:28:05 AST 2023","Sun Sep 24 10:28:05 AST 2023","21","Practice Suite","Blog Page Test","BlogPageTest","BlogPageTest","verifySliderIndexOneIsDisplayed","verifySliderIndexOneIsDisplayed",""
"passed","Sun Sep 24 10:27:19 AST 2023","Sun Sep 24 10:27:22 AST 2023","2658","Practice Suite","Join As Specialist Form Test","JoinAsSpecialistTest","JoinAsSpecialistTest","testJoinAsSpecialist","testJoinAsSpecialist",""
"passed","Sun Sep 24 10:26:54 AST 2023","Sun Sep 24 10:26:55 AST 2023","743","Practice Suite","Home Page Test","HomePageTest.NavigationBarTest","HomePageTest.NavigationBarTest","verifyBackFormAcademyPageToHomePage","verifyBackFormAcademyPageToHomePage",""
"passed","Sun Sep 24 10:26:18 AST 2023","Sun Sep 24 10:26:24 AST 2023","6433","Practice Suite","Set Up Driver","HomePageTest.SetUpDriver","HomePageTest.SetUpDriver","setUp","setUp",""
"passed","Sun Sep 24 10:28:47 AST 2023","Sun Sep 24 10:28:47 AST 2023","45","Practice Suite","Academy Page Test","AcademyPageTest","AcademyPageTest","verifyRegistrationHeroSectionIsDisplayed","verifyRegistrationHeroSectionIsDisplayed",""
"passed","Sun Sep 24 10:27:49 AST 2023","Sun Sep 24 10:27:55 AST 2023","6033","Practice Suite","Specialists Page Test","SpecialistsPageTest","SpecialistsPageTest","verifySearchNotExistSpecialistNameDoesNotDisplayResult","verifySearchNotExistSpecialistNameDoesNotDisplayResult",""
"passed","Sun Sep 24 10:29:06 AST 2023","Sun Sep 24 10:29:06 AST 2023","22","Practice Suite","Academy Page Test","AcademyPageTest","AcademyPageTest","verifyCoursesNavbarItemIsDisplayed","verifyCoursesNavbarItemIsDisplayed",""
"passed","Sun Sep 24 10:28:19 AST 2023","Sun Sep 24 10:28:21 AST 2023","1810","Practice Suite","Blog Page Test","BlogPageTest","BlogPageTest","ClickingDetailsButtonOpenArticlePage","ClickingDetailsButtonOpenArticlePage",""
"passed","Sun Sep 24 10:27:10 AST 2023","Sun Sep 24 10:27:10 AST 2023","21","Practice Suite","Home Page Test","HomePageTest.SpecialistsAndGuidesSectionTest","HomePageTest.SpecialistsAndGuidesSectionTest","scrollDownSection","scrollDownSection",""
"passed","Sun Sep 24 10:26:28 AST 2023","Sun Sep 24 10:26:28 AST 2023","20","Practice Suite","Home Page Test","HomePageTest.NavigationBarTest","HomePageTest.NavigationBarTest","specialistsMenuItemTextIsCorrect","specialistsMenuItemTextIsCorrect",""
"passed","Sun Sep 24 10:27:10 AST 2023","Sun Sep 24 10:27:10 AST 2023","28","Practice Suite","Home Page Test","HomePageTest.ApprovedOfficialAuthoritiesSectionTest","HomePageTest.ApprovedOfficialAuthoritiesSectionTest","verifyCard_4_HeadIsDisplayed","verifyCard_4_HeadIsDisplayed",""
"passed","Sun Sep 24 10:26:58 AST 2023","Sun Sep 24 10:26:58 AST 2023","26","Practice Suite","Home Page Test","HomePageTest.NavigationBarTest","HomePageTest.NavigationBarTest","aboutUsMenuItemIsDisplayed","aboutUsMenuItemIsDisplayed",""
"passed","Sun Sep 24 10:27:16 AST 2023","Sun Sep 24 10:27:16 AST 2023","139","Practice Suite","Join As Specialist Form Test","JoinAsSpecialistTest","JoinAsSpecialistTest","verifyClickingJoinAsSpecialistButtonOpensTheForm","verifyClickingJoinAsSpecialistButtonOpensTheForm",""
"passed","Sun Sep 24 10:27:17 AST 2023","Sun Sep 24 10:27:19 AST 2023","2695","Practice Suite","Join As Specialist Form Test","JoinAsSpecialistTest","JoinAsSpecialistTest","testJoinAsSpecialist","testJoinAsSpecialist",""
"passed","Sun Sep 24 10:27:01 AST 2023","Sun Sep 24 10:27:01 AST 2023","18","Practice Suite","Home Page Test","HomePageTest.HeroSectionTest","HomePageTest.HeroSectionTest","verifyHeroSectionParagraphTextIsCorrect","verifyHeroSectionParagraphTextIsCorrect",""
"passed","Sun Sep 24 10:26:31 AST 2023","Sun Sep 24 10:26:32 AST 2023","955","Practice Suite","Home Page Test","HomePageTest.NavigationBarTest","HomePageTest.NavigationBarTest","verifyBackFromSpecialistsPageToHomePage","verifyBackFromSpecialistsPageToHomePage",""
"passed","Sun Sep 24 10:28:05 AST 2023","Sun Sep 24 10:28:05 AST 2023","25","Practice Suite","Blog Page Test","BlogPageTest","BlogPageTest","verifySliderIndexOneDateIsDisplayed","verifySliderIndexOneDateIsDisplayed",""
"passed","Sun Sep 24 10:27:10 AST 2023","Sun Sep 24 10:27:10 AST 2023","20","Practice Suite","Home Page Test","HomePageTest.SpecialistsAndGuidesSectionTest","HomePageTest.SpecialistsAndGuidesSectionTest","verifySpecialistsAndGuidesSectionIsDisplayed","verify Specialists And Guides Section Is Displayed",""
"passed","Sun Sep 24 10:27:10 AST 2023","Sun Sep 24 10:27:10 AST 2023","17","Practice Suite","Home Page Test","HomePageTest.ApprovedOfficialAuthoritiesSectionTest","HomePageTest.ApprovedOfficialAuthoritiesSectionTest","verifyCard_2_HeadTextIsCorrect","verifyCard_2_HeadTextIsCorrect",""
"passed","Sun Sep 24 10:27:01 AST 2023","Sun Sep 24 10:27:08 AST 2023","7015","Practice Suite","Home Page Test","HomePageTest.HeroSectionTest","HomePageTest.HeroSectionTest","verifyClickingBookFirstSessionButtonOpensAppStore","verifyClickingBookFirstSessionButtonOpensAppStore",""
"passed","Sun Sep 24 10:29:15 AST 2023","Sun Sep 24 10:29:15 AST 2023","21","Practice Suite","Academy Page Test","AcademyPageTest","AcademyPageTest","verifyTitleHeroSectionCoursePageIsDisplayed","verifyTitleHeroSectionCoursePageIsDisplayed",""
"passed","Sun Sep 24 10:27:01 AST 2023","Sun Sep 24 10:27:01 AST 2023","28","Practice Suite","Home Page Test","HomePageTest.HeroSectionTest","HomePageTest.HeroSectionTest","verifyThatHeroSectionHeadTitleIsDisplayed","verifyThatHeroSectionHeadTitleIsDisplayed",""
"passed","Sun Sep 24 10:27:34 AST 2023","Sun Sep 24 10:27:34 AST 2023","24","Practice Suite","Specialists Page Test","SpecialistsPageTest","SpecialistsPageTest","verifyParagraphHeroSectionIsDisplayed","verifyParagraphHeroSectionIsDisplayed",""
"passed","Sun Sep 24 10:28:47 AST 2023","Sun Sep 24 10:28:47 AST 2023","17","Practice Suite","Academy Page Test","AcademyPageTest","AcademyPageTest","verifyLoginFormTitleTextIsCorrect","verifyLoginFormTitleTextIsCorrect",""
"passed","Sun Sep 24 10:27:10 AST 2023","Sun Sep 24 10:27:10 AST 2023","33","Practice Suite","Home Page Test","HomePageTest.SpecialistsAndGuidesSectionTest","HomePageTest.SpecialistsAndGuidesSectionTest","contactNowButtonHrefIsCorrect","contactNowButtonHrefIsCorrect",""
"passed","Sun Sep 24 10:26:28 AST 2023","Sun Sep 24 10:26:28 AST 2023","26","Practice Suite","Home Page Test","HomePageTest.NavigationBarTest","HomePageTest.NavigationBarTest","specialistsMenuItemIsDisplayed","specialistsMenuItemIsDisplayed",""
"passed","Sun Sep 24 10:27:10 AST 2023","Sun Sep 24 10:27:11 AST 2023","51","Practice Suite","Home Page Test","HomePageTest.StatisticsSectionTest","HomePageTest.StatisticsSectionTest","satisfactionRateTest","satisfactionRateTest",""
"passed","Sun Sep 24 10:28:43 AST 2023","Sun Sep 24 10:28:43 AST 2023","192","Practice Suite","Academy Page Test","AcademyPageTest","AcademyPageTest","verifyAcademyPageHeroSectionTitleIsDisplayed","verifyAcademyPageHeroSectionTitleIsDisplayed",""
"passed","Sun Sep 24 10:29:15 AST 2023","Sun Sep 24 10:29:15 AST 2023","23","Practice Suite","Academy Page Test","AcademyPageTest","AcademyPageTest","verifyHeaderSearchButtonIsDisplayed","verifyHeaderSearchButtonIsDisplayed",""
"passed","Sun Sep 24 10:27:11 AST 2023","Sun Sep 24 10:27:11 AST 2023","44","Practice Suite","Home Page Test","HomePageTest.StatisticsSectionTest","HomePageTest.StatisticsSectionTest","numberOfSessionDuration","numberOfSessionDuration",""
"passed","Sun Sep 24 10:26:58 AST 2023","Sun Sep 24 10:26:58 AST 2023","23","Practice Suite","Home Page Test","HomePageTest.NavigationBarTest","HomePageTest.NavigationBarTest","aboutUsMenuItemHrefIsCorrect","aboutUsMenuItemHrefIsCorrect",""
"passed","Sun Sep 24 10:28:47 AST 2023","Sun Sep 24 10:28:47 AST 2023","22","Practice Suite","Academy Page Test","AcademyPageTest","AcademyPageTest","verifyLoginFormTitleIsDisplayed","verifyLoginFormTitleIsDisplayed",""
"passed","Sun Sep 24 10:27:09 AST 2023","Sun Sep 24 10:27:10 AST 2023","31","Practice Suite","Home Page Test","HomePageTest.ApprovedOfficialAuthoritiesSectionTest","HomePageTest.ApprovedOfficialAuthoritiesSectionTest","verifyCard_1_HeadIsDisplayed","verifyCard_1_HeadIsDisplayed",""
"passed","Sun Sep 24 10:28:11 AST 2023","Sun Sep 24 10:28:13 AST 2023","1600","Practice Suite","Blog Page Test","BlogPageTest","BlogPageTest","ClickingSliderIndexOneBlogPostAuthorNameOpenHisPage","ClickingSliderIndexOneBlogPostAuthorNameOpenHisPage",""
"passed","Sun Sep 24 10:27:42 AST 2023","Sun Sep 24 10:27:49 AST 2023","6706","Practice Suite","Specialists Page Test","SpecialistsPageTest","SpecialistsPageTest","verifySearchNotExistSpecialistNameDoesNotDisplayResult","verifySearchNotExistSpecialistNameDoesNotDisplayResult",""
"passed","Sun Sep 24 10:27:17 AST 2023","Sun Sep 24 10:27:17 AST 2023","24","Practice Suite","Join As Specialist Form Test","JoinAsSpecialistTest","JoinAsSpecialistTest","verifySendFormButtonFormIsDisplayed","verifySendFormButtonFormIsDisplayed",""
"passed","Sun Sep 24 10:27:00 AST 2023","Sun Sep 24 10:27:00 AST 2023","40","Practice Suite","Home Page Test","HomePageTest.NavigationBarTest","HomePageTest.NavigationBarTest","verifyAboutUsMenuItemIsActiveClassAfterClick","verifyAboutUsMenuItemIsActiveClassAfterClick",""
"passed","Sun Sep 24 10:28:05 AST 2023","Sun Sep 24 10:28:05 AST 2023","22","Practice Suite","Blog Page Test","BlogPageTest","BlogPageTest","verifySliderIndexOneDateTextIsCorrect","verifySliderIndexOneDateTextIsCorrect",""
"passed","Sun Sep 24 10:28:55 AST 2023","Sun Sep 24 10:29:06 AST 2023","10482","Practice Suite","Academy Page Test","AcademyPageTest","AcademyPageTest","testSuccessLoginAcademyForm","testSuccessLoginAcademyForm",""
"passed","Sun Sep 24 10:28:13 AST 2023","Sun Sep 24 10:28:13 AST 2023","24","Practice Suite","Blog Page Test","BlogPageTest","BlogPageTest","verifySliderIndexOneBlogPostAuthorSpecializationIsDisplayed","verifySliderIndexOneBlogPostAuthorSpecializationIsDisplayed",""
"passed","Sun Sep 24 10:28:09 AST 2023","Sun Sep 24 10:28:09 AST 2023","27","Practice Suite","Blog Page Test","BlogPageTest","BlogPageTest","verifySliderIndexOneParagraphTextIsCorrect","verifySliderIndexOneParagraphTextIsCorrect",""
"passed","Sun Sep 24 10:26:32 AST 2023","Sun Sep 24 10:26:32 AST 2023","27","Practice Suite","Home Page Test","HomePageTest.NavigationBarTest","HomePageTest.NavigationBarTest","blogMenuItemIsDisplayed","blogMenuItemIsDisplayed",""
"passed","Sun Sep 24 10:28:05 AST 2023","Sun Sep 24 10:28:06 AST 2023","17","Practice Suite","Blog Page Test","BlogPageTest","BlogPageTest","verifySliderIndexOneCategoryTextIsCorrect","verifySliderIndexOneCategoryTextIsCorrect",""
"passed","Sun Sep 24 10:27:10 AST 2023","Sun Sep 24 10:27:10 AST 2023","19","Practice Suite","Home Page Test","HomePageTest.ApprovedOfficialAuthoritiesSectionTest","HomePageTest.ApprovedOfficialAuthoritiesSectionTest","verifyCard_1_HeadTextIsCorrect","verifyCard_1_HeadTextIsCorrect",""
"unknown","Sun Sep 24 10:26:24 AST 2023","Sun Sep 24 10:26:24 AST 2023","0","Practice Suite","Home Page Test","HomePageTest.NavigationBarTest","HomePageTest.NavigationBarTest","verifyAcademyMenuItemAfterClickHideNavbar","verifyAcademyMenuItemAfterClickHideNavbar",""
"passed","Sun Sep 24 10:26:58 AST 2023","Sun Sep 24 10:26:58 AST 2023","18","Practice Suite","Home Page Test","HomePageTest.NavigationBarTest","HomePageTest.NavigationBarTest","aboutUsMenuItemTextIsCorrect","aboutUsMenuItemTextIsCorrect",""
"passed","Sun Sep 24 10:29:15 AST 2023","Sun Sep 24 10:29:18 AST 2023","2365","Practice Suite","Academy Page Test","AcademyPageTest","AcademyPageTest","enterValidFormatCourseNameDisplaysAtLeastOne","enterValidFormatCourseNameDisplaysAtLeastOne",""
"passed","Sun Sep 24 10:26:33 AST 2023","Sun Sep 24 10:26:33 AST 2023","34","Practice Suite","Home Page Test","HomePageTest.NavigationBarTest","HomePageTest.NavigationBarTest","verifyBlogMenuItemIsActiveClassAfterClick","verifyBlogMenuItemIsActiveClassAfterClick",""
"passed","Sun Sep 24 10:28:06 AST 2023","Sun Sep 24 10:28:06 AST 2023","25","Practice Suite","Blog Page Test","BlogPageTest","BlogPageTest","verifySliderIndexOneTitleIsDisplayed","verifySliderIndexOneTitleIsDisplayed",""
"passed","Sun Sep 24 10:27:09 AST 2023","Sun Sep 24 10:27:09 AST 2023","22","Practice Suite","Home Page Test","HomePageTest.ApprovedOfficialAuthoritiesSectionTest","HomePageTest.ApprovedOfficialAuthoritiesSectionTest","scrollDownSection","scrollDownSection",""
"passed","Sun Sep 24 10:27:01 AST 2023","Sun Sep 24 10:27:01 AST 2023","23","Practice Suite","Home Page Test","HomePageTest.HeroSectionTest","HomePageTest.HeroSectionTest","verifyHeroSectionImageAltIsCorrect","verifyHeroSectionImageAltIsCorrect",""
"passed","Sun Sep 24 10:27:27 AST 2023","Sun Sep 24 10:27:33 AST 2023","6189","Practice Suite","Specialists Page Test","SpecialistsPageTest","SpecialistsPageTest","NavigateToSpecialistsPage","NavigateToSpecialistsPage",""
"passed","Sun Sep 24 10:27:08 AST 2023","Sun Sep 24 10:27:09 AST 2023","950","Practice Suite","Home Page Test","HomePageTest.HeroSectionTest","HomePageTest.HeroSectionTest","verifyBackFromAppStorePageToHomePage","verifyBackFromAppStorePageToHomePage",""
"passed","Sun Sep 24 10:27:01 AST 2023","Sun Sep 24 10:27:01 AST 2023","27","Practice Suite","Home Page Test","HomePageTest.NavigationBarTest","HomePageTest.NavigationBarTest","joinAsSpecialistButtonIsDisplayed","joinAsSpecialistButtonIsDisplayed",""
"passed","Sun Sep 24 10:27:27 AST 2023","Sun Sep 24 10:27:27 AST 2023","48","Practice Suite","Specialists Page Test","SpecialistsPageTest","SpecialistsPageTest","scrollDownSection","scrollDownSection",""
"passed","Sun Sep 24 10:26:58 AST 2023","Sun Sep 24 10:26:58 AST 2023","686","Practice Suite","Home Page Test","HomePageTest.NavigationBarTest","HomePageTest.NavigationBarTest","verifyBackFormOrganizationsPageToHomePage","verifyBackFormOrganizationsPageToHomePage",""
"passed","Sun Sep 24 10:26:33 AST 2023","Sun Sep 24 10:26:34 AST 2023","691","Practice Suite","Home Page Test","HomePageTest.NavigationBarTest","HomePageTest.NavigationBarTest","verifyBackFormBlogPageToHomePage","verifyBackFormBlogPageToHomePage",""
"passed","Sun Sep 24 10:27:16 AST 2023","Sun Sep 24 10:27:16 AST 2023","39","Practice Suite","Join As Specialist Form Test","JoinAsSpecialistTest","JoinAsSpecialistTest","verifyJoinAsSpecialistButtonIsDisplayed","verifyJoinAsSpecialistButtonIsDisplayed",""
"passed","Sun Sep 24 10:27:34 AST 2023","Sun Sep 24 10:27:34 AST 2023","25","Practice Suite","Specialists Page Test","SpecialistsPageTest","SpecialistsPageTest","verifyHeadTitleHeroSectionIsDisplayed","verifyHeadTitleHeroSectionIsDisplayed",""
"passed","Sun Sep 24 10:26:32 AST 2023","Sun Sep 24 10:26:32 AST 2023","23","Practice Suite","Home Page Test","HomePageTest.NavigationBarTest","HomePageTest.NavigationBarTest","blogMenuItemHrefIsCorrect","blogMenuItemHrefIsCorrect",""
"passed","Sun Sep 24 10:27:09 AST 2023","Sun Sep 24 10:27:09 AST 2023","198","Practice Suite","Home Page Test","HomePageTest.ApprovedOfficialAuthoritiesSectionTest","HomePageTest.ApprovedOfficialAuthoritiesSectionTest","verifyApprovedOfficialAuthoritiesSectionIsDisplayed","verify Approved Official Authorities Section Is Displayed",""
"passed","Sun Sep 24 10:26:28 AST 2023","Sun Sep 24 10:26:31 AST 2023","2546","Practice Suite","Home Page Test","HomePageTest.NavigationBarTest","HomePageTest.NavigationBarTest","ClickingSpecialistsMenuItemOpensSpecialistsPage","ClickingSpecialistsMenuItemOpensSpecialistsPage",""
"passed","Sun Sep 24 10:28:43 AST 2023","Sun Sep 24 10:28:47 AST 2023","4317","Practice Suite","Academy Page Test","AcademyPageTest","AcademyPageTest","NavigateToRegistrationPage","NavigateToRegistrationPage",""
"passed","Sun Sep 24 10:27:10 AST 2023","Sun Sep 24 10:27:10 AST 2023","31","Practice Suite","Home Page Test","HomePageTest.SpecialistsAndGuidesSectionTest","HomePageTest.SpecialistsAndGuidesSectionTest","contactNowButtonIsDisplayed","contactNowButtonIsDisplayed",""
"passed","Sun Sep 24 10:26:26 AST 2023","Sun Sep 24 10:26:26 AST 2023","27","Practice Suite","Home Page Test","HomePageTest.NavigationBarTest","HomePageTest.NavigationBarTest","verifyFamcareMenuItemTextIsCorrect","verifyFamcareMenuItemTextIsCorrect",""
"passed","Sun Sep 24 10:27:17 AST 2023","Sun Sep 24 10:27:17 AST 2023","27","Practice Suite","Join As Specialist Form Test","JoinAsSpecialistTest","JoinAsSpecialistTest","verifyYearsOfExperienceFieldIsDisplayed","verifyYearsOfExperienceFieldIsDisplayed",""
"passed","Sun Sep 24 10:27:17 AST 2023","Sun Sep 24 10:27:17 AST 2023","24","Practice Suite","Join As Specialist Form Test","JoinAsSpecialistTest","JoinAsSpecialistTest","verifySocialMediaAccountFieldIsDisplayed","verifySocialMediaAccountFieldIsDisplayed",""
"passed","Sun Sep 24 10:26:24 AST 2023","Sun Sep 24 10:26:26 AST 2023","1682","Practice Suite","Home Page Test","HomePageTest.NavigationBarTest","HomePageTest.NavigationBarTest","verifyClickingLogoItemOpensHomePage","verifyClickingLogoItemOpensHomePage",""
"passed","Sun Sep 24 10:27:01 AST 2023","Sun Sep 24 10:27:01 AST 2023","26","Practice Suite","Home Page Test","HomePageTest.HeroSectionTest","HomePageTest.HeroSectionTest","verifyThatHeroSectionParagraphIsDisplayed","verifyThatHeroSectionParagraphIsDisplayed",""
"passed","Sun Sep 24 10:26:26 AST 2023","Sun Sep 24 10:26:26 AST 2023","40","Practice Suite","Home Page Test","HomePageTest.NavigationBarTest","HomePageTest.NavigationBarTest","verifyFamcareMenuItemIsActiveClass","verifyFamcareMenuItemIsActiveClass",""
"passed","Sun Sep 24 10:27:10 AST 2023","Sun Sep 24 10:27:10 AST 2023","25","Practice Suite","Home Page Test","HomePageTest.ApprovedOfficialAuthoritiesSectionTest","HomePageTest.ApprovedOfficialAuthoritiesSectionTest","verifyCard_3_ImageSrcIsCorrect","verifyCard_3_ImageSrcIsCorrect",""
"passed","Sun Sep 24 10:27:01 AST 2023","Sun Sep 24 10:27:01 AST 2023","20","Practice Suite","Home Page Test","HomePageTest.HeroSectionTest","HomePageTest.HeroSectionTest","verifyHeroSectionImageSrcIsCorrect","verifyHeroSectionImageSrcIsCorrect",""
"passed","Sun Sep 24 10:27:01 AST 2023","Sun Sep 24 10:27:01 AST 2023","26","Practice Suite","Home Page Test","HomePageTest.HeroSectionTest","HomePageTest.HeroSectionTest","verifyThatHeroSectionImageIsDisplayed","verifyThatHeroSectionImageIsDisplayed",""
"passed","Sun Sep 24 10:28:09 AST 2023","Sun Sep 24 10:28:11 AST 2023","2375","Practice Suite","Blog Page Test","BlogPageTest","BlogPageTest","ClickingSliderIndexOnePostAuthorImageOpenHisPage","ClickingSliderIndexOnePostAuthorImageOpenHisPage",""
"passed","Sun Sep 24 10:27:10 AST 2023","Sun Sep 24 10:27:10 AST 2023","26","Practice Suite","Home Page Test","HomePageTest.ApprovedOfficialAuthoritiesSectionTest","HomePageTest.ApprovedOfficialAuthoritiesSectionTest","verifyCard_4_ImageIsDisplayed","verifyCard_4_ImageIsDisplayed",""
"passed","Sun Sep 24 10:26:58 AST 2023","Sun Sep 24 10:27:00 AST 2023","2117","Practice Suite","Home Page Test","HomePageTest.NavigationBarTest","HomePageTest.NavigationBarTest","ClickingAboutUsMenuItemOpensAboutUsPage","ClickingAboutUsMenuItemOpensAboutUsPage",""
"passed","Sun Sep 24 10:28:05 AST 2023","Sun Sep 24 10:28:05 AST 2023","120","Practice Suite","Blog Page Test","BlogPageTest","BlogPageTest","verifySliderSectionIsDisplayed","verifySliderSectionIsDisplayed",""
"passed","Sun Sep 24 10:26:32 AST 2023","Sun Sep 24 10:26:32 AST 2023","18","Practice Suite","Home Page Test","HomePageTest.NavigationBarTest","HomePageTest.NavigationBarTest","blogMenuItemTextIsCorrect","blogMenuItemTextIsCorrect",""
"passed","Sun Sep 24 10:27:11 AST 2023","Sun Sep 24 10:27:11 AST 2023","51","Practice Suite","Home Page Test","HomePageTest.StatisticsSectionTest","HomePageTest.StatisticsSectionTest","paragraphRateTest","paragraphRateTest",""
"passed","Sun Sep 24 10:27:34 AST 2023","Sun Sep 24 10:27:34 AST 2023","25","Practice Suite","Specialists Page Test","SpecialistsPageTest","SpecialistsPageTest","verifySearchNameFiledPlaceholderIsCorrect","verifySearchNameFiledPlaceholderIsCorrect",""
"passed","Sun Sep 24 10:27:10 AST 2023","Sun Sep 24 10:27:10 AST 2023","29","Practice Suite","Home Page Test","HomePageTest.ApprovedOfficialAuthoritiesSectionTest","HomePageTest.ApprovedOfficialAuthoritiesSectionTest","verifyCard_2_HeadIsDisplayed","verifyCard_2_HeadIsDisplayed",""
"failed","Sun Sep 24 10:27:10 AST 2023","Sun Sep 24 10:27:10 AST 2023","18","Practice Suite","Home Page Test","HomePageTest.ApprovedOfficialAuthoritiesSectionTest","HomePageTest.ApprovedOfficialAuthoritiesSectionTest","verifyCard_4_ImageAltIsCorrect","verifyCard_4_ImageAltIsCorrect",""
"failed","Sun Sep 24 10:27:41 AST 2023","Sun Sep 24 10:27:42 AST 2023","1433","Practice Suite","Specialists Page Test","SpecialistsPageTest","SpecialistsPageTest","verifySearchNotExistSpecialistNameDoesNotDisplayResult","verifySearchNotExistSpecialistNameDoesNotDisplayResult",""
"passed","Sun Sep 24 10:28:17 AST 2023","Sun Sep 24 10:28:19 AST 2023","1954","Practice Suite","Blog Page Test","BlogPageTest","BlogPageTest","ClickingSliderIndexOneBlogPostShareTwitterIconOpenShareTwitterPostPage","ClickingSliderIndexOneBlogPostShareTwitterIconOpenShareTwitterPostPage",""
"passed","Sun Sep 24 10:26:31 AST 2023","Sun Sep 24 10:26:31 AST 2023","29","Practice Suite","Home Page Test","HomePageTest.NavigationBarTest","HomePageTest.NavigationBarTest","verifySpecialistsMenuItemIsActiveClassAfterClick","verifySpecialistsMenuItemIsActiveClassAfterClick",""
"passed","Sun Sep 24 10:29:18 AST 2023","Sun Sep 24 10:29:18 AST 2023","0","Practice Suite","tear down","HomePageTest.TearDown","HomePageTest.TearDown","tearDown","tearDown",""
"passed","Sun Sep 24 10:27:16 AST 2023","Sun Sep 24 10:27:16 AST 2023","24","Practice Suite","Join As Specialist Form Test","JoinAsSpecialistTest","JoinAsSpecialistTest","verifyFullNameFiledPlaceholderIsCorrect","verifyFullNameFiledPlaceholderIsCorrect",""
"passed","Sun Sep 24 10:27:09 AST 2023","Sun Sep 24 10:27:09 AST 2023","29","Practice Suite","Home Page Test","HomePageTest.ApprovedOfficialAuthoritiesSectionTest","HomePageTest.ApprovedOfficialAuthoritiesSectionTest","verifyCard_1_ImageIsDisplayed","verifyCard_1_ImageIsDisplayed",""
"passed","Sun Sep 24 10:26:34 AST 2023","Sun Sep 24 10:26:34 AST 2023","20","Practice Suite","Home Page Test","HomePageTest.NavigationBarTest","HomePageTest.NavigationBarTest","academyMenuItemTextIsCorrect","academyMenuItemTextIsCorrect",""
"passed","Sun Sep 24 10:28:13 AST 2023","Sun Sep 24 10:28:13 AST 2023","24","Practice Suite","Blog Page Test","BlogPageTest","BlogPageTest","verifySliderIndexOneBlogPostShareFacebookIconIsDisplayed","verifySliderIndexOneBlogPostShareFacebookIconIsDisplayed",""
"passed","Sun Sep 24 10:27:16 AST 2023","Sun Sep 24 10:27:16 AST 2023","28","Practice Suite","Join As Specialist Form Test","JoinAsSpecialistTest","JoinAsSpecialistTest","verifyMobileNumberFiledIsDisplayed","verifyMobileNumberFiledIsDisplayed",""
"passed","Sun Sep 24 10:27:11 AST 2023","Sun Sep 24 10:27:11 AST 2023","42","Practice Suite","Home Page Test","HomePageTest.StatisticsSectionTest","HomePageTest.StatisticsSectionTest","paragraphSessionDurationTest","paragraphSessionDurationTest",""
"passed","Sun Sep 24 10:27:11 AST 2023","Sun Sep 24 10:27:11 AST 2023","41","Practice Suite","Home Page Test","HomePageTest.StatisticsSectionTest","HomePageTest.StatisticsSectionTest","paragraphBeneficiariesTest","paragraphBeneficiariesTest",""
"passed","Sun Sep 24 10:28:47 AST 2023","Sun Sep 24 10:28:47 AST 2023","16","Practice Suite","Academy Page Test","AcademyPageTest","AcademyPageTest","verifyRegistrationHeroSectionTitleTextIsCorrect","verifyRegistrationHeroSectionTitleTextIsCorrect",""
"passed","Sun Sep 24 10:27:16 AST 2023","Sun Sep 24 10:27:16 AST 2023","27","Practice Suite","Join As Specialist Form Test","JoinAsSpecialistTest","JoinAsSpecialistTest","verifyTitleJoinAsSpecialistFormIsDisplayed","verifyTitleJoinAsSpecialistFormIsDisplayed",""
"passed","Sun Sep 24 10:27:34 AST 2023","Sun Sep 24 10:27:34 AST 2023","22","Practice Suite","Specialists Page Test","SpecialistsPageTest","SpecialistsPageTest","verifyHeadTitleHeroSectionTextIsCorrect","verifyHeadTitleHeroSectionTextIsCorrect",""
"passed","Sun Sep 24 10:27:22 AST 2023","Sun Sep 24 10:27:22 AST 2023","100","Practice Suite","Join As Specialist Form Test","JoinAsSpecialistTest","JoinAsSpecialistTest","ClickingJoinAsSpecialistFormCloseHiddenEnterInformationForm","ClickingJoinAsSpecialistFormCloseHiddenEnterInformationForm",""
"passed","Sun Sep 24 10:28:13 AST 2023","Sun Sep 24 10:28:13 AST 2023","36","Practice Suite","Blog Page Test","BlogPageTest","BlogPageTest","verifySliderIndexOneBlogPostShareTextIsCorrect","verifySliderIndexOneBlogPostShareTextIsCorrect",""
"passed","Sun Sep 24 10:28:47 AST 2023","Sun Sep 24 10:28:53 AST 2023","5972","Practice Suite","Academy Page Test","AcademyPageTest","AcademyPageTest","testFailLoginAcademyForm","testFailLoginAcademyForm",""
"passed","Sun Sep 24 10:28:47 AST 2023","Sun Sep 24 10:28:47 AST 2023","23","Practice Suite","Academy Page Test","AcademyPageTest","AcademyPageTest","verifyRegistrationFormIsDisplayed","verifyRegistrationFormIsDisplayed",""
"passed","Sun Sep 24 10:27:01 AST 2023","Sun Sep 24 10:27:01 AST 2023","17","Practice Suite","Home Page Test","HomePageTest.HeroSectionTest","HomePageTest.HeroSectionTest","verifyThatBookFirstSessionButtonTextIsCorrect","verifyThatBookFirstSessionButtonTextIsCorrect",""
"passed","Sun Sep 24 10:27:01 AST 2023","Sun Sep 24 10:27:01 AST 2023","22","Practice Suite","Home Page Test","HomePageTest.HeroSectionTest","HomePageTest.HeroSectionTest","verifyThatBookFirstSessionButtonIsDisplayed","verifyThatBookFirstSessionButtonIsDisplayed",""
"passed","Sun Sep 24 10:27:34 AST 2023","Sun Sep 24 10:27:34 AST 2023","20","Practice Suite","Specialists Page Test","SpecialistsPageTest","SpecialistsPageTest","verifyParagraphHeroSectionTextIsCorrect","verifyParagraphHeroSectionTextIsCorrect",""
"passed","Sun Sep 24 10:27:00 AST 2023","Sun Sep 24 10:27:01 AST 2023","68","Practice Suite","Home Page Test","HomePageTest.NavigationBarTest","HomePageTest.NavigationBarTest","verifyBackFormAboutUsPageToHomePage","verifyBackFormAboutUsPageToHomePage",""
"passed","Sun Sep 24 10:29:18 AST 2023","Sun Sep 24 10:29:18 AST 2023","17","Practice Suite","Academy Page Test","AcademyPageTest","AcademyPageTest","verifyHeaderSearchResultTitleTextIsCorrect","verifyHeaderSearchResultTitleTextIsCorrect",""
"passed","Sun Sep 24 10:28:19 AST 2023","Sun Sep 24 10:28:19 AST 2023","30","Practice Suite","Blog Page Test","BlogPageTest","BlogPageTest","verifySliderIndexOneBlogDetailsButtonIsDisplayed","verifySliderIndexOneBlogDetailsButtonIsDisplayed",""
"passed","Sun Sep 24 10:26:55 AST 2023","Sun Sep 24 10:26:58 AST 2023","2388","Practice Suite","Home Page Test","HomePageTest.NavigationBarTest","HomePageTest.NavigationBarTest","ClickingOrganizationsMenuItemOpensOrganizationsPage","ClickingOrganizationsMenuItemOpensOrganizationsPage",""
"passed","Sun Sep 24 10:26:24 AST 2023","Sun Sep 24 10:26:24 AST 2023","41","Practice Suite","Home Page Test","HomePageTest.NavigationBarTest","HomePageTest.NavigationBarTest","verifyThatHomeScreenIsOpenedSuccessfully","verifyThatHomeScreenIsOpenedSuccessfully",""
"passed","Sun Sep 24 10:28:47 AST 2023","Sun Sep 24 10:28:47 AST 2023","21","Practice Suite","Academy Page Test","AcademyPageTest","AcademyPageTest","verifyRegistrationHeroSectionTitleIsDisplayed","verifyRegistrationHeroSectionTitleIsDisplayed",""
"passed","Sun Sep 24 10:27:11 AST 2023","Sun Sep 24 10:27:11 AST 2023","42","Practice Suite","Home Page Test","HomePageTest.StatisticsSectionTest","HomePageTest.StatisticsSectionTest","numberOfBeneficiariesTest","numberOfBeneficiariesTest",""
"passed","Sun Sep 24 10:28:06 AST 2023","Sun Sep 24 10:28:06 AST 2023","14","Practice Suite","Blog Page Test","BlogPageTest","BlogPageTest","verifySliderIndexOneTitleTextIsCorrect","verifySliderIndexOneTitleTextIsCorrect",""
"passed","Sun Sep 24 10:26:24 AST 2023","Sun Sep 24 10:26:24 AST 2023","27","Practice Suite","Home Page Test","HomePageTest.NavigationBarTest","HomePageTest.NavigationBarTest","verifyLogoItemSrcIsCorrect","verifyLogoItemSrcIsCorrect",""
"failed","Sun Sep 24 10:27:10 AST 2023","Sun Sep 24 10:27:10 AST 2023","24","Practice Suite","Home Page Test","HomePageTest.ApprovedOfficialAuthoritiesSectionTest","HomePageTest.ApprovedOfficialAuthoritiesSectionTest","verifyCard_2_ImageAltIsCorrect","verifyCard_2_ImageAltIsCorrect",""
"passed","Sun Sep 24 10:27:16 AST 2023","Sun Sep 24 10:27:17 AST 2023","21","Practice Suite","Join As Specialist Form Test","JoinAsSpecialistTest","JoinAsSpecialistTest","verifyAcademicSpecialityFieldPlaceholderIsCorrect","verifyAcademicSpecialityFieldPlaceholderIsCorrect",""
"passed","Sun Sep 24 10:27:17 AST 2023","Sun Sep 24 10:27:17 AST 2023","18","Practice Suite","Join As Specialist Form Test","JoinAsSpecialistTest","JoinAsSpecialistTest","verifyYearsOfExperienceFieldPlaceholderIsCorrect","verifyYearsOfExperienceFieldPlaceholderIsCorrect",""
"passed","Sun Sep 24 10:26:24 AST 2023","Sun Sep 24 10:26:24 AST 2023","28","Practice Suite","Home Page Test","HomePageTest.NavigationBarTest","HomePageTest.NavigationBarTest","verifyThatTopNavbarIsDisplayed","verifyThatTopNavbarIsDisplayed",""
"passed","Sun Sep 24 10:27:33 AST 2023","Sun Sep 24 10:27:33 AST 2023","11","Practice Suite","Specialists Page Test","SpecialistsPageTest","SpecialistsPageTest","verifyContactNowButtonOpensSpecialistsPage","verifyContactNowButtonOpensSpecialistsPage",""
"passed","Sun Sep 24 10:27:01 AST 2023","Sun Sep 24 10:27:01 AST 2023","18","Practice Suite","Home Page Test","HomePageTest.HeroSectionTest","HomePageTest.HeroSectionTest","verifyHeroSectionHeadTitleTextIsCorrect","verifyHeroSectionHeadTitleTextIsCorrect",""
"passed","Sun Sep 24 10:27:17 AST 2023","Sun Sep 24 10:27:17 AST 2023","20","Practice Suite","Join As Specialist Form Test","JoinAsSpecialistTest","JoinAsSpecialistTest","verifySocialMediaAccountFieldPlaceholderIsCorrect","verifySocialMediaAccountFieldPlaceholderIsCorrect",""
"passed","Sun Sep 24 10:27:01 AST 2023","Sun Sep 24 10:27:01 AST 2023","24","Practice Suite","Home Page Test","HomePageTest.HeroSectionTest","HomePageTest.HeroSectionTest","verifyThatHeroSectionIsDisplayed","verifyThatHeroSectionIsDisplayed",""
"passed","Sun Sep 24 10:26:26 AST 2023","Sun Sep 24 10:26:28 AST 2023","1550","Practice Suite","Home Page Test","HomePageTest.NavigationBarTest","HomePageTest.NavigationBarTest","verifyClickingFamcareMenuItemOpensHomePage","verifyClickingFamcareMenuItemOpensHomePage",""
"passed","Sun Sep 24 10:28:11 AST 2023","Sun Sep 24 10:28:11 AST 2023","55","Practice Suite","Blog Page Test","BlogPageTest","BlogPageTest","verifySliderIndexOneBlogPostAuthorNameTextIsCorrect","verifySliderIndexOneBlogPostAuthorNameTextIsCorrect",""
"passed","Sun Sep 24 10:27:01 AST 2023","Sun Sep 24 10:27:01 AST 2023","20","Practice Suite","Home Page Test","HomePageTest.HeroSectionTest","HomePageTest.HeroSectionTest","verifyBookFirstSessionButtonHrefIsCorrect","verifyBookFirstSessionButtonHrefIsCorrect",""
"passed","Sun Sep 24 10:28:47 AST 2023","Sun Sep 24 10:28:47 AST 2023","21","Practice Suite","Academy Page Test","AcademyPageTest","AcademyPageTest","verifyLoginFormIsDisplayed","verifyLoginFormIsDisplayed",""
"passed","Sun Sep 24 10:26:55 AST 2023","Sun Sep 24 10:26:55 AST 2023","19","Practice Suite","Home Page Test","HomePageTest.NavigationBarTest","HomePageTest.NavigationBarTest","organizationsMenuItemTextIsCorrect","organizationsMenuItemTextIsCorrect",""
"passed","Sun Sep 24 10:27:34 AST 2023","Sun Sep 24 10:27:34 AST 2023","29","Practice Suite","Specialists Page Test","SpecialistsPageTest","SpecialistsPageTest","verifyHeroSectionSpecialistsPageIsDisplayed","verifyHeroSectionSpecialistsPageIsDisplayed",""
"passed","Sun Sep 24 10:26:28 AST 2023","Sun Sep 24 10:26:28 AST 2023","22","Practice Suite","Home Page Test","HomePageTest.NavigationBarTest","HomePageTest.NavigationBarTest","specialistsMenuItemHrefIsCorrect","specialistsMenuItemHrefIsCorrect",""
"passed","Sun Sep 24 10:27:16 AST 2023","Sun Sep 24 10:27:16 AST 2023","23","Practice Suite","Join As Specialist Form Test","JoinAsSpecialistTest","JoinAsSpecialistTest","verifyAcademicSpecialityFieldIsDisplayed","verifyAcademicSpecialityFieldIsDisplayed",""
"passed","Sun Sep 24 10:27:16 AST 2023","Sun Sep 24 10:27:16 AST 2023","17","Practice Suite","Join As Specialist Form Test","JoinAsSpecialistTest","JoinAsSpecialistTest","verifyAcademicDegreeFieldPlaceholderIsCorrect","verifyAcademicDegreeFieldPlaceholderIsCorrect",""
"passed","Sun Sep 24 10:27:10 AST 2023","Sun Sep 24 10:27:10 AST 2023","28","Practice Suite","Home Page Test","HomePageTest.ApprovedOfficialAuthoritiesSectionTest","HomePageTest.ApprovedOfficialAuthoritiesSectionTest","verifyCard_3_ImageIsDisplayed","verifyCard_3_ImageIsDisplayed",""
"passed","Sun Sep 24 10:28:26 AST 2023","Sun Sep 24 10:28:43 AST 2023","16590","Practice Suite","Academy Page Test","AcademyPageTest","AcademyPageTest","NavigateToAcademyPage","NavigateToAcademyPage",""
"passed","Sun Sep 24 10:26:34 AST 2023","Sun Sep 24 10:26:34 AST 2023","32","Practice Suite","Home Page Test","HomePageTest.NavigationBarTest","HomePageTest.NavigationBarTest","academyMenuItemIsDisplayed","academyMenuItemIsDisplayed",""
"passed","Sun Sep 24 10:27:10 AST 2023","Sun Sep 24 10:27:10 AST 2023","21","Practice Suite","Home Page Test","HomePageTest.ApprovedOfficialAuthoritiesSectionTest","HomePageTest.ApprovedOfficialAuthoritiesSectionTest","verifyCard_4_ImageSrcIsCorrect","verifyCard_4_ImageSrcIsCorrect",""
"passed","Sun Sep 24 10:27:16 AST 2023","Sun Sep 24 10:27:16 AST 2023","22","Practice Suite","Join As Specialist Form Test","JoinAsSpecialistTest","JoinAsSpecialistTest","verifyMobileNumberFieldPlaceholderIsCorrect","verifyMobileNumberFieldPlaceholderIsCorrect",""
"passed","Sun Sep 24 10:27:16 AST 2023","Sun Sep 24 10:27:16 AST 2023","26","Practice Suite","Join As Specialist Form Test","JoinAsSpecialistTest","JoinAsSpecialistTest","verifyAcademicDegreeFieldIsDisplayed","verifyAcademicDegreeFieldIsDisplayed",""
"passed","Sun Sep 24 10:26:26 AST 2023","Sun Sep 24 10:26:26 AST 2023","63","Practice Suite","Home Page Test","HomePageTest.NavigationBarTest","HomePageTest.NavigationBarTest","verifyFamcareMenuItemIsDisplayed","verifyFamcareMenuItemIsDisplayed",""
"passed","Sun Sep 24 10:27:10 AST 2023","Sun Sep 24 10:27:10 AST 2023","14","Practice Suite","Home Page Test","HomePageTest.StatisticsSectionTest","HomePageTest.StatisticsSectionTest","scrollDownSection","scrollDownSection",""
"passed","Sun Sep 24 10:26:26 AST 2023","Sun Sep 24 10:26:26 AST 2023","29","Practice Suite","Home Page Test","HomePageTest.NavigationBarTest","HomePageTest.NavigationBarTest","verifyFamcareMenuItemHrefIsCorrect","verifyFamcareMenuItemHrefIsCorrect",""
"passed","Sun Sep 24 10:27:10 AST 2023","Sun Sep 24 10:27:10 AST 2023","117","Practice Suite","Home Page Test","HomePageTest.SpecialistsAndGuidesSectionTest","HomePageTest.SpecialistsAndGuidesSectionTest","verifyHeadTitleSpecialistsAndGuidesSectionIsDisplayed","verifyHeadTitleSpecialistsAndGuidesSectionIsDisplayed",""
"passed","Sun Sep 24 10:26:34 AST 2023","Sun Sep 24 10:26:54 AST 2023","20572","Practice Suite","Home Page Test","HomePageTest.NavigationBarTest","HomePageTest.NavigationBarTest","ClickingAcademyMenuItemOpensAcademyPage","ClickingAcademyMenuItemOpensAcademyPage",""
"passed","Sun Sep 24 10:26:58 AST 2023","Sun Sep 24 10:26:58 AST 2023","24","Practice Suite","Home Page Test","HomePageTest.NavigationBarTest","HomePageTest.NavigationBarTest","verifyOrganizationsMenuItemIsActiveClassAfterClick","verifyOrganizationsMenuItemIsActiveClassAfterClick",""
"passed","Sun Sep 24 10:28:06 AST 2023","Sun Sep 24 10:28:09 AST 2023","2957","Practice Suite","Blog Page Test","BlogPageTest","BlogPageTest","ClickingSliderIndexOneTitleOpenArticlePage","ClickingSliderIndexOneTitleOpenArticlePage",""
"passed","Sun Sep 24 10:28:13 AST 2023","Sun Sep 24 10:28:13 AST 2023","30","Practice Suite","Blog Page Test","BlogPageTest","BlogPageTest","verifySliderIndexOneBlogPostShareTextIsDisplayed","verifySliderIndexOneBlogPostShareTextIsDisplayed",""
"passed","Sun Sep 24 10:27:16 AST 2023","Sun Sep 24 10:27:16 AST 2023","25","Practice Suite","Join As Specialist Form Test","JoinAsSpecialistTest","JoinAsSpecialistTest","verifyTitleJoinAsSpecialistFormTextIsCorrect","verifyTitleJoinAsSpecialistFormTextIsCorrect",""
"passed","Sun Sep 24 10:27:34 AST 2023","Sun Sep 24 10:27:41 AST 2023","7030","Practice Suite","Specialists Page Test","SpecialistsPageTest","SpecialistsPageTest","verifySearchExistingSpecialistNameDisplaysMatchResult","verifySearchExistingSpecialistNameDisplaysMatchResult",""
"passed","Sun Sep 24 10:28:05 AST 2023","Sun Sep 24 10:28:05 AST 2023","23","Practice Suite","Blog Page Test","BlogPageTest","BlogPageTest","verifySliderIndexOneCategoryIsDisplayed","verifySliderIndexOneCategoryIsDisplayed",""
"passed","Sun Sep 24 10:28:53 AST 2023","Sun Sep 24 10:28:55 AST 2023","1602","Practice Suite","Academy Page Test","AcademyPageTest","AcademyPageTest","testFailLoginAcademyForm","testFailLoginAcademyForm",""
"passed","Sun Sep 24 10:27:01 AST 2023","Sun Sep 24 10:27:01 AST 2023","112","Practice Suite","Home Page Test","HomePageTest.NavigationBarTest","HomePageTest.NavigationBarTest","ClickingJoinAsSpecialistButtonOpensEnterInformationForm","ClickingJoinAsSpecialistButtonOpensEnterInformationForm",""
"failed","Sun Sep 24 10:27:09 AST 2023","Sun Sep 24 10:27:09 AST 2023","31","Practice Suite","Home Page Test","HomePageTest.ApprovedOfficialAuthoritiesSectionTest","HomePageTest.ApprovedOfficialAuthoritiesSectionTest","verifyCard_1_ImageAltIsCorrect","verifyCard_1_ImageAltIsCorrect",""
"passed","Sun Sep 24 10:27:09 AST 2023","Sun Sep 24 10:27:09 AST 2023","25","Practice Suite","Home Page Test","HomePageTest.ApprovedOfficialAuthoritiesSectionTest","HomePageTest.ApprovedOfficialAuthoritiesSectionTest","verifyCard_1_ImageSrcIsCorrect","verifyCard_1_ImageSrcIsCorrect",""
"passed","Sun Sep 24 10:27:10 AST 2023","Sun Sep 24 10:27:10 AST 2023","20","Practice Suite","Home Page Test","HomePageTest.ApprovedOfficialAuthoritiesSectionTest","HomePageTest.ApprovedOfficialAuthoritiesSectionTest","verifyCard_4_HeadTextIsCorrect","verifyCard_4_HeadTextIsCorrect",""
"failed","Sun Sep 24 10:27:11 AST 2023","Sun Sep 24 10:27:11 AST 2023","55","Practice Suite","Home Page Test","HomePageTest.StatisticsSectionTest","HomePageTest.StatisticsSectionTest","imageIconBeneficiariesTest","imageIconBeneficiariesTest",""
"passed","Sun Sep 24 10:29:15 AST 2023","Sun Sep 24 10:29:15 AST 2023","17","Practice Suite","Academy Page Test","AcademyPageTest","AcademyPageTest","verifyTitleHeroSectionCoursePageTextIsCorrect","verifyTitleHeroSectionCoursePageTextIsCorrect",""
"passed","Sun Sep 24 10:27:34 AST 2023","Sun Sep 24 10:27:34 AST 2023","25","Practice Suite","Specialists Page Test","SpecialistsPageTest","SpecialistsPageTest","verifySearchNameFiledDisplayed","verifySearchNameFiledDisplayed",""
"passed","Sun Sep 24 10:27:10 AST 2023","Sun Sep 24 10:27:10 AST 2023","18","Practice Suite","Home Page Test","HomePageTest.SpecialistsAndGuidesSectionTest","HomePageTest.SpecialistsAndGuidesSectionTest","contactNowButtonTextIsCorrect","contactNowButtonTextIsCorrect",""
"passed","Sun Sep 24 10:28:11 AST 2023","Sun Sep 24 10:28:11 AST 2023","23","Practice Suite","Blog Page Test","BlogPageTest","BlogPageTest","verifySliderIndexOneBlogPostAuthorNameIsDisplayed","verifySliderIndexOneBlogPostAuthorNameIsDisplayed",""
"passed","Sun Sep 24 10:28:47 AST 2023","Sun Sep 24 10:28:47 AST 2023","22","Practice Suite","Academy Page Test","AcademyPageTest","AcademyPageTest","verifyRegistrationFormTitleIsDisplayed","verifyRegistrationFormTitleIsDisplayed",""
"passed","Sun Sep 24 10:28:47 AST 2023","Sun Sep 24 10:28:47 AST 2023","18","Practice Suite","Academy Page Test","AcademyPageTest","AcademyPageTest","verifyRegistrationFormTitleTextIsCorrect","verifyRegistrationFormTitleTextIsCorrect",""
"passed","Sun Sep 24 10:27:16 AST 2023","Sun Sep 24 10:27:16 AST 2023","24","Practice Suite","Join As Specialist Form Test","JoinAsSpecialistTest","JoinAsSpecialistTest","verifyFullNameFiledIsDisplayed","verifyFullNameFiledIsDisplayed",""
"passed","Sun Sep 24 10:29:15 AST 2023","Sun Sep 24 10:29:15 AST 2023","602","Practice Suite","Academy Page Test","AcademyPageTest","AcademyPageTest","clickingHeaderSearchButtonDisplaysSearchFiled","clickingHeaderSearchButtonDisplaysSearchFiled",""
"passed","Sun Sep 24 10:26:55 AST 2023","Sun Sep 24 10:26:55 AST 2023","59","Practice Suite","Home Page Test","HomePageTest.NavigationBarTest","HomePageTest.NavigationBarTest","organizationsMenuItemIsDisplayed","organizationsMenuItemIsDisplayed",""
"passed","Sun Sep 24 10:28:02 AST 2023","Sun Sep 24 10:28:05 AST 2023","2790","Practice Suite","Blog Page Test","BlogPageTest","BlogPageTest","NavigateToBlogPage","NavigateToBlogPage",""
"passed","Sun Sep 24 10:27:01 AST 2023","Sun Sep 24 10:27:01 AST 2023","19","Practice Suite","Home Page Test","HomePageTest.NavigationBarTest","HomePageTest.NavigationBarTest","joinAsSpecialistButtonTextIsCorrect","joinAsSpecialistButtonTextIsCorrect",""
"failed","Sun Sep 24 10:27:10 AST 2023","Sun Sep 24 10:27:10 AST 2023","22","Practice Suite","Home Page Test","HomePageTest.ApprovedOfficialAuthoritiesSectionTest","HomePageTest.ApprovedOfficialAuthoritiesSectionTest","verifyCard_3_ImageAltIsCorrect","verifyCard_3_ImageAltIsCorrect",""
"passed","Sun Sep 24 10:27:10 AST 2023","Sun Sep 24 10:27:10 AST 2023","24","Practice Suite","Home Page Test","HomePageTest.ApprovedOfficialAuthoritiesSectionTest","HomePageTest.ApprovedOfficialAuthoritiesSectionTest","verifyCard_2_ImageSrcIsCorrect","verifyCard_2_ImageSrcIsCorrect",""
"passed","Sun Sep 24 10:28:09 AST 2023","Sun Sep 24 10:28:09 AST 2023","30","Practice Suite","Blog Page Test","BlogPageTest","BlogPageTest","verifySliderIndexOnePostAuthorImageIsDisplayed","verifySliderIndexOnePostAuthorImageIsDisplayed",""
"passed","Sun Sep 24 10:26:24 AST 2023","Sun Sep 24 10:26:24 AST 2023","30","Practice Suite","Home Page Test","HomePageTest.NavigationBarTest","HomePageTest.NavigationBarTest","verifyLogoItemAltIsCorrect","verifyLogoItemAltIsCorrect",""
"unknown","Sun Sep 24 10:28:21 AST 2023","Sun Sep 24 10:28:21 AST 2023","0","Practice Suite","Academy Page Test","AcademyPageTest","AcademyPageTest","testRegistrationAcademyForm","testRegistrationAcademyForm",""
"passed","Sun Sep 24 10:29:06 AST 2023","Sun Sep 24 10:29:15 AST 2023","9178","Practice Suite","Academy Page Test","AcademyPageTest","AcademyPageTest","clickingCoursesNavbarItemOpenCoursesPage","clickingCoursesNavbarItemOpenCoursesPage",""
"passed","Sun Sep 24 10:27:17 AST 2023","Sun Sep 24 10:27:17 AST 2023","114","Practice Suite","Join As Specialist Form Test","JoinAsSpecialistTest","JoinAsSpecialistTest","verifySendFormButtonTextIsCorrect","verifySendFormButtonTextIsCorrect",""
"passed","Sun Sep 24 10:28:13 AST 2023","Sun Sep 24 10:28:17 AST 2023","4410","Practice Suite","Blog Page Test","BlogPageTest","BlogPageTest","ClickingSliderIndexOneBlogPostShareFacebookIconOpenShareFacebookPostPage","ClickingSliderIndexOneBlogPostShareFacebookIconOpenShareFacebookPostPage",""
"passed","Sun Sep 24 10:26:55 AST 2023","Sun Sep 24 10:26:55 AST 2023","20","Practice Suite","Home Page Test","HomePageTest.NavigationBarTest","HomePageTest.NavigationBarTest","organizationsMenuItemHrefIsCorrect","organizationsMenuItemHrefIsCorrect",""
"passed","Sun Sep 24 10:27:09 AST 2023","Sun Sep 24 10:27:09 AST 2023","46","Practice Suite","Home Page Test","HomePageTest.ApprovedOfficialAuthoritiesSectionTest","HomePageTest.ApprovedOfficialAuthoritiesSectionTest","verifyHeadTitleApprovedOfficialAuthoritiesSectionIsDisplayed","verifyHeadTitleApprovedOfficialAuthoritiesSectionIsDisplayed",""
"passed","Sun Sep 24 10:28:43 AST 2023","Sun Sep 24 10:28:43 AST 2023","39","Practice Suite","Academy Page Test","AcademyPageTest","AcademyPageTest","verifyAcademyPageHeroSectionTitleTextIsCorrect","verifyAcademyPageHeroSectionTitleTextIsCorrect",""
"passed","Sun Sep 24 10:27:10 AST 2023","Sun Sep 24 10:27:10 AST 2023","30","Practice Suite","Home Page Test","HomePageTest.ApprovedOfficialAuthoritiesSectionTest","HomePageTest.ApprovedOfficialAuthoritiesSectionTest","verifyCard_3_HeadIsDisplayed","verifyCard_3_HeadIsDisplayed",""
"passed","Sun Sep 24 10:28:17 AST 2023","Sun Sep 24 10:28:17 AST 2023","54","Practice Suite","Blog Page Test","BlogPageTest","BlogPageTest","verifySliderIndexOneBlogPostShareTwitterIconIsDisplayed","verifySliderIndexOneBlogPostShareTwitterIconIsDisplayed",""
"passed","Sun Sep 24 10:27:10 AST 2023","Sun Sep 24 10:27:10 AST 2023","25","Practice Suite","Home Page Test","HomePageTest.ApprovedOfficialAuthoritiesSectionTest","HomePageTest.ApprovedOfficialAuthoritiesSectionTest","verifyCard_2_ImageIsDisplayed","verifyCard_2_ImageIsDisplayed",""
"passed","Sun Sep 24 10:28:13 AST 2023","Sun Sep 24 10:28:13 AST 2023","40","Practice Suite","Blog Page Test","BlogPageTest","BlogPageTest","verifySliderIndexOneBlogPostAuthorSpecializationTextIsCorrect","verifySliderIndexOneBlogPostAuthorSpecializationTextIsCorrect",""
"passed","Sun Sep 24 10:27:09 AST 2023","Sun Sep 24 10:27:09 AST 2023","24","Practice Suite","Home Page Test","HomePageTest.ApprovedOfficialAuthoritiesSectionTest","HomePageTest.ApprovedOfficialAuthoritiesSectionTest","verifyHeadTitleApprovedOfficialAuthoritiesSectionTextIsCorrect","verifyHeadTitleApprovedOfficialAuthoritiesSectionTextIsCorrect",""
"passed","Sun Sep 24 10:29:18 AST 2023","Sun Sep 24 10:29:18 AST 2023","23","Practice Suite","Academy Page Test","AcademyPageTest","AcademyPageTest","verifyHeaderSearchResultTitleIsDisplayed","verifyHeaderSearchResultTitleIsDisplayed",""
"passed","Sun Sep 24 10:27:10 AST 2023","Sun Sep 24 10:27:10 AST 2023","22","Practice Suite","Home Page Test","HomePageTest.SpecialistsAndGuidesSectionTest","HomePageTest.SpecialistsAndGuidesSectionTest","verifyHeadTitleSpecialistsAndGuidesSectionTextIsCorrect","verifyHeadTitleSpecialistsAndGuidesSectionTextIsCorrect",""
"failed","Sun Sep 24 10:27:10 AST 2023","Sun Sep 24 10:27:10 AST 2023","235","Practice Suite","Home Page Test","HomePageTest.StatisticsSectionTest","HomePageTest.StatisticsSectionTest","imageIconRatingTest","imageIconRatingTest",""
